{
  "ie": {
    "6": 0.00033899974901463025,
    "7": 0.027881683060931688,
    "8": 0.017657283223366977,
    "9": 0.06132965829704187,
    "10": 0.014618841028495106,
    "11": 2.8404830821756732,
    "5.5": 0
  },
  "edge": {
    "12": 0.016389173051127064,
    "13": 0.07586479568380497,
    "14": 0.2362158621498117,
    "15": 0.36108076970353387,
    "16": 1.107399180114459,
    "17": 1.1839252345679467,
    "18": 0.009035808124970207
  },
  "firefox": {
    "2": 0,
    "3": 0,
    "4": 0,
    "5": 0.00008370364173200748,
    "6": 0,
    "7": 0,
    "8": 0.00008370364173200748,
    "9": 0,
    "10": 0.00016740728346401496,
    "11": 0.00008370364173200748,
    "12": 0,
    "13": 0,
    "14": 0,
    "15": 0,
    "16": 0,
    "17": 0,
    "18": 0,
    "19": 0,
    "20": 0.00016740728346401496,
    "21": 0.00008370364173200748,
    "22": 0,
    "23": 0.00008370364173200748,
    "24": 0.0026157388041252337,
    "25": 0,
    "26": 0,
    "27": 0.0005901106742106526,
    "28": 0.08592178823790567,
    "29": 0.0011802213484213052,
    "30": 0.00016740728346401496,
    "31": 0.002787331269675849,
    "32": 0.009123696948788814,
    "33": 0.002787331269675849,
    "34": 0.0027831460875892486,
    "35": 0.0029505533710532635,
    "36": 0.0038880341584517472,
    "37": 0.003205849478335886,
    "38": 0.01689139490151911,
    "39": 0.0021930354133785955,
    "40": 0.0070101799950556265,
    "41": 0.0015987395570813427,
    "42": 0.008106697701744924,
    "43": 0.012250027967479295,
    "44": 0.003293738302154494,
    "45": 0.03446915966524068,
    "46": 0.004645552116126415,
    "47": 0.036494787795155255,
    "48": 0.06538509973895765,
    "49": 0.010902399335593973,
    "50": 0.01098191779523938,
    "51": 0.012764805364131139,
    "52": 0.2374756019578784,
    "53": 0.01613387694384444,
    "54": 0.07907483034422746,
    "55": 0.01849850482277365,
    "56": 0.028626645472346557,
    "57": 0.3854008628087686,
    "58": 0.3785706456434368,
    "59": 0.45484977435381524,
    "60": 0.35246347978722364,
    "61": 0.32500450011703863,
    "62": 0.29974692622440535,
    "63": 0.30118244368010927,
    "64": 0.08752052779498701,
    "65": 0,
    "66": 0.00008370364173200748,
    "3.5": 0,
    "3.6": 0.00008370364173200748
  },
  "chrome": {
    "4": 0,
    "5": 0,
    "6": 0,
    "7": 0,
    "8": 0,
    "9": 0,
    "10": 0,
    "11": 0.0005064070324786453,
    "12": 0.00008370364173200748,
    "13": 0,
    "14": 0,
    "15": 0.00008370364173200748,
    "16": 0,
    "17": 0.00008370364173200748,
    "18": 0.00016740728346401496,
    "19": 0.00008370364173200748,
    "20": 0.0005064070324786453,
    "21": 0.0002511109251960224,
    "22": 0.0008454067814932754,
    "23": 0.0005064070324786453,
    "24": 0,
    "25": 0,
    "26": 0,
    "27": 0,
    "28": 0.0003348145669280299,
    "29": 0.0015192210974359355,
    "30": 0.00008370364173200748,
    "31": 0.004386070826757191,
    "32": 0.0010965177066892978,
    "33": 0.0026157388041252337,
    "34": 0.0019377393060959732,
    "35": 0.0011844065305079059,
    "36": 0.0017745172047185585,
    "37": 0.011233028720435403,
    "38": 0.00549095889761969,
    "39": 0.038344638277432626,
    "40": 0.003967552618097154,
    "41": 0.0014271470915307274,
    "42": 0.005407255255887683,
    "43": 0.012584842534407325,
    "44": 0.012413250068856707,
    "45": 0.004892477859235836,
    "46": 0.011224658356262202,
    "47": 0.015958099296207225,
    "48": 0.013681360241096622,
    "49": 0.3148638039212059,
    "50": 0.01164736174700884,
    "51": 0.030388607130805313,
    "52": 0.025165499886728046,
    "53": 0.02398946372039334,
    "54": 0.028036534798135903,
    "55": 0.13964278550150808,
    "56": 0.08870074914340832,
    "57": 0.09037482197804847,
    "58": 0.1546006262790178,
    "59": 0.19913096368044578,
    "60": 0.4695523190240423,
    "61": 0.5439690417058836,
    "62": 1.2700855781847886,
    "63": 7.785095754664291,
    "64": 6.136230271731736,
    "65": 5.644622043111309,
    "66": 4.678305351136149,
    "67": 4.508989624640645,
    "68": 4.465656249315984,
    "69": 6.10901821780466,
    "70": 6.423974095731771,
    "71": 0.8294403118328951,
    "72": 0.004720885393685221,
    "73": 0.0003348145669280299,
    "74": 0
  },
  "safari": {
    "4": 0.00016740728346401496,
    "5": 0.0002511109251960224,
    "6": 0.0004185182086600373,
    "7": 0.004051256259829162,
    "8": 0.03413015991622605,
    "9": 0.03447334484732728,
    "10": 0.1210689474011756,
    "11": 1.3095685859897765,
    "12": 0.8640936195099461,
    "3.1": 0,
    "3.2": 0,
    "5.1": 0.0013476286318853203,
    "6.1": 0.0016071099212545436,
    "7.1": 0.0010128140649572905,
    "9.1": 0.29230985765651646,
    "10.1": 0.6644604339791084,
    "11.1": 1.610332511461226,
    "TP": 0
  },
  "opera": {
    "9": 0,
    "11": 0,
    "12": 0,
    "15": 0,
    "16": 0,
    "17": 0,
    "18": 0,
    "19": 0,
    "20": 0,
    "21": 0.0012681101722399133,
    "22": 0,
    "23": 0,
    "24": 0,
    "25": 0,
    "26": 0,
    "27": 0,
    "28": 0,
    "29": 0,
    "30": 0,
    "31": 0.01993820746056418,
    "32": 0.00016740728346401496,
    "33": 0.00016740728346401496,
    "34": 0,
    "35": 0,
    "36": 0.005742069822815712,
    "37": 0.0004227033907466377,
    "38": 0,
    "39": 0,
    "40": 0,
    "41": 0,
    "42": 0.002871034911407856,
    "43": 0,
    "44": 0,
    "45": 0.0005064070324786453,
    "46": 0.00008370364173200748,
    "47": 0.00008370364173200748,
    "48": 0,
    "49": 0.008529401092491562,
    "50": 0.023654649153465313,
    "51": 0.013174953208617977,
    "52": 0.014187767273575265,
    "53": 0.011237213902522003,
    "54": 0.025680277283379894,
    "55": 0.01799209779029501,
    "56": 0.03951648926168073,
    "57": 0.0017661468405453576,
    "9.5-9.6": 0,
    "10.0-10.1": 0,
    "10.5": 0,
    "10.6": 0,
    "11.1": 0.00008370364173200748,
    "11.5": 0,
    "11.6": 0,
    "12.1": 0.017740986865098986
  },
  "ios_saf": {
    "8": 0.0035448492273505165,
    "3.2": 0.00033899974901463025,
    "4.0-4.1": 0,
    "4.2-4.3": 0,
    "5.0-5.1": 0.004641366934039814,
    "6.0-6.1": 0.014869951953691129,
    "7.0-7.1": 0.033029457027450145,
    "8.1-8.4": 0.06674528391710276,
    "9.0-9.2": 0.04180578386305114,
    "9.3": 0.5769231654557749,
    "10.0-10.2": 0.5921948948897797,
    "10.3": 1.3929332279727693,
    "11.0-11.2": 7.592125379015322,
    "11.3-11.4": 9.12631268759294,
    "12.0-12.1": 4.235693049203554
  },
  "op_mini": {
    "all": 0.11114588067384612
  },
  "android": {
    "3": 0,
    "4": 0.0006738143159426602,
    "67": 0.8836760864931493,
    "2.1": 0,
    "2.2": 0.00033899974901463025,
    "2.3": 0.000929110423225283,
    "4.1": 0.0015192210974359355,
    "4.2-4.3": 0.0017703320226319583,
    "4.4": 0.008784697199774184,
    "4.4.3-4.4.4": 0
  },
  "bb": {
    "7": 0,
    "10": 0.0044697744684892
  },
  "op_mob": {
    "10": 0.009027437760797006,
    "11": 0.009027437760797006,
    "12": 0.009027437760797006,
    "46": 0.009027437760797006,
    "11.1": 0.009027437760797006,
    "11.5": 0.009027437760797006,
    "12.1": 0.009027437760797006
  },
  "and_chr": {
    "70": 9.192120490722644
  },
  "and_ff": {
    "63": 0.1815992359196768
  },
  "ie_mob": {
    "10": 0,
    "11": 0
  },
  "and_uc": {
    "11.8": 0.09571511432055055
  },
  "samsung": {
    "4": 0,
    "5": 0,
    "6.2": 0,
    "7.2": 0
  },
  "and_qq": {
    "1.2": 0
  },
  "baidu": {
    "7.12": 0
  }
}